,Accuracy,Precision,Recall,F1-Score
YOLO,0.8717421124828533,0.9032496307237814,0.9562157935887412,0.9289783516900874
LLAVA,0.7791495198902606,0.928379588182632,0.8107896794370602,0.8656093489148581
